"CustomerID","CustomerName","Email","Gender","Age","GeographyID"
"1","Emma Anderson","emma.anderson@example.com","Male","50","2"
"2","Sarah Brown","sarah.brown@example.com","Female","37","4"
"3","Robert Hernandez","robert.hernandez@example.com","Female","26","6"
"4","David Garcia","david.garcia@example.com","Male","25","8"
"5","Emma Miller","emma.miller@example.com","Female","41","4"
"6","Daniel Rodriguez","daniel.rodriguez@example.com","Male","31","7"
"7","Laura Miller","laura.miller@example.com","Male","35","7"
"8","James Gonzalez","james.gonzalez@example.com","Female","18","8"
"9","Emily Thomas","emily.thomas@example.com","Male","29","10"
"10","Chris Davis","chris.davis@example.com","Female","46","2"
"11","Emma Garcia","emma.garcia@example.com","Male","54","10"
"12","James Lopez","james.lopez@example.com","Female","43","7"
"13","David Wilson","david.wilson@example.com","Male","50","1"
"14","Olivia Wilson","olivia.wilson@example.com","Male","60","4"
"15","Emma Martinez","emma.martinez@example.com","Male","32","9"
"16","Michael Martinez","michael.martinez@example.com","Male","40","5"
"17","Daniel Thomas","daniel.thomas@example.com","Female","46","2"
"18","Robert Lopez","robert.lopez@example.com","Female","38","5"
"19","Emma Wilson","emma.wilson@example.com","Female","36","6"
"20","David Johnson","david.johnson@example.com","Male","22","1"
"21","Olivia Gonzalez","olivia.gonzalez@example.com","Female","40","4"
"22","Alex Wilson","alex.wilson@example.com","Male","53","2"
"23","Isabella Garcia","isabella.garcia@example.com","Female","37","5"
"24","Chris Hernandez","chris.hernandez@example.com","Male","25","5"
"25","David Anderson","david.anderson@example.com","Male","26","5"
"26","Isabella Thomas","isabella.thomas@example.com","Male","31","1"
"27","John Rodriguez","john.rodriguez@example.com","Male","23","1"
"28","Emily Davis","emily.davis@example.com","Female","18","9"
"29","Sophia Anderson","sophia.anderson@example.com","Female","26","5"
"30","Alex Garcia","alex.garcia@example.com","Female","33","7"
"31","Daniel Jones","daniel.jones@example.com","Male","33","10"
"32","Laura Anderson","laura.anderson@example.com","Female","29","4"
"33","David Thomas","david.thomas@example.com","Male","22","4"
"34","Daniel Miller","daniel.miller@example.com","Male","57","3"
"35","Robert Rodriguez","robert.rodriguez@example.com","Female","46","2"
"36","Emma Johnson","emma.johnson@example.com","Female","63","3"
"37","Olivia Lopez","olivia.lopez@example.com","Female","44","2"
"38","John Garcia","john.garcia@example.com","Male","28","4"
"39","Jane Miller","jane.miller@example.com","Female","64","5"
"40","Olivia Thomas","olivia.thomas@example.com","Female","67","2"
"41","Laura Wilson","laura.wilson@example.com","Male","45","2"
"42","John Gonzalez","john.gonzalez@example.com","Female","69","1"
"43","Olivia Hernandez","olivia.hernandez@example.com","Male","53","8"
"44","Olivia Brown","olivia.brown@example.com","Female","59","9"
"45","Sarah Hernandez","sarah.hernandez@example.com","Female","36","5"
"46","Chris Johnson","chris.johnson@example.com","Male","52","4"
"47","Sophia Thomas","sophia.thomas@example.com","Male","69","6"
"48","Alex Gonzalez","alex.gonzalez@example.com","Female","48","7"
"49","Michael Smith","michael.smith@example.com","Female","61","4"
"50","Olivia Miller","olivia.miller@example.com","Male","36","3"
"51","Michael Davis","michael.davis@example.com","Female","63","10"
"52","Robert Williams","robert.williams@example.com","Female","41","9"
"53","Emma Thomas","emma.thomas@example.com","Female","19","2"
"54","Michael Gonzalez","michael.gonzalez@example.com","Female","24","5"
"55","Emily Lopez","emily.lopez@example.com","Female","60","1"
"56","Sophia Davis","sophia.davis@example.com","Female","66","9"
"57","James Rodriguez","james.rodriguez@example.com","Male","48","4"
"58","Jane Williams","jane.williams@example.com","Male","34","10"
"59","James Smith","james.smith@example.com","Female","44","6"
"60","John Thomas","john.thomas@example.com","Male","53","6"
"61","Emma Rodriguez","emma.rodriguez@example.com","Female","67","2"
"62","Michael Hernandez","michael.hernandez@example.com","Male","60","8"
"63","John Davis","john.davis@example.com","Male","27","9"
"64","Sarah Martinez","sarah.martinez@example.com","Female","62","7"
"65","Olivia Rodriguez","olivia.rodriguez@example.com","Female","31","5"
"66","Isabella Martinez","isabella.martinez@example.com","Female","24","8"
"67","Alex Johnson","alex.johnson@example.com","Female","56","4"
"68","David Gonzalez","david.gonzalez@example.com","Female","57","6"
"69","Emma Gonzalez","emma.gonzalez@example.com","Male","26","4"
"70","James Garcia","james.garcia@example.com","Female","31","7"
"71","Isabella Miller","isabella.miller@example.com","Female","25","5"
"72","Sophia Miller","sophia.miller@example.com","Female","34","8"
"73","Sarah Gonzalez","sarah.gonzalez@example.com","Male","40","4"
"74","Jane Smith","jane.smith@example.com","Male","33","1"
"75","David Smith","david.smith@example.com","Female","43","6"
"76","Michael Lopez","michael.lopez@example.com","Female","26","10"
"77","David Lopez","david.lopez@example.com","Male","53","4"
"78","Olivia Smith","olivia.smith@example.com","Female","24","8"
"79","John Jones","john.jones@example.com","Female","35","6"
"80","Laura Jones","laura.jones@example.com","Female","25","6"
"81","Emily Wilson","emily.wilson@example.com","Male","38","9"
"82","Laura Gonzalez","laura.gonzalez@example.com","Male","43","1"
"83","Emily Jones","emily.jones@example.com","Male","20","9"
"84","Michael Williams","michael.williams@example.com","Female","34","4"
"85","Jane Hernandez","jane.hernandez@example.com","Male","68","7"
"86","James Hernandez","james.hernandez@example.com","Male","63","10"
"87","Emma Hernandez","emma.hernandez@example.com","Male","41","4"
"88","James Brown","james.brown@example.com","Male","42","3"
"89","Alex Rodriguez","alex.rodriguez@example.com","Male","22","8"
"90","John Wilson","john.wilson@example.com","Male","54","1"
"91","John Brown","john.brown@example.com","Female","62","4"
"92","David Hernandez","david.hernandez@example.com","Female","67","1"
"93","Jane Rodriguez","jane.rodriguez@example.com","Female","41","4"
"94","Jane Anderson","jane.anderson@example.com","Male","48","7"
"95","James Jones","james.jones@example.com","Male","43","2"
"96","Emily Gonzalez","emily.gonzalez@example.com","Female","38","10"
"97","Emily Rodriguez","emily.rodriguez@example.com","Female","51","3"
"98","Chris Lopez","chris.lopez@example.com","Female","55","10"
"99","Laura Hernandez","laura.hernandez@example.com","Male","41","5"
"100","Jane Brown","jane.brown@example.com","Female","45","10"
